External ID,Name,Product Type,Internal Reference,Sales Price,Sales Description,available_in_pos,categ_id,image_1920
5,Axis Ergonomic Chair,Storable Product,chair-axis-wh,550,Axis Ergonomic Chair,1,Chairs / Ergonomic Chairs,https://d1tnzngtf1n4as.cloudfront.net/public/products/chair-axis-wh/Asset 29.jpg
2,Apex Elite Ergonomic Gaming Chair,Storable Product,chair-gamer-apexelite-bl,450,Apex Elite Ergonomic Gaming Chair,1,Chairs / Gaming chairs,https://d1tnzngtf1n4as.cloudfront.net/public/products/chair-gamer-apexelite-bl/rgsrthrw rt-100.jpg
4,Verge X Ergonomic Chair,Storable Product,chair-vergex-bl,550,Verge X Ergonomic Chair,1,Chairs / Ergonomic Chairs,https://d1tnzngtf1n4as.cloudfront.net/public/products/chair-vergex-bl/Asset 40.jpeg
1,Melamine envelope,Storable Product,top-mela-white-182,115,Melamine envelope,1,Desks / Envelopes,https://d1tnzngtf1n4as.cloudfront.net/public/products/top-mela-white-182/top-mela-white-182-1.jpg
7,Function Ergonomic Chair,Storable Product,chair-function-bl,649.99,Function Ergonomic Chair,1,Chairs / Ergonomic Chairs,https://d1tnzngtf1n4as.cloudfront.net/public/products/chair-function-bl/chair-function-1.png
3,Melamine envelope,Storable Product,top-mela-onyx-182,115,Melamine envelope,1,Desks / Envelopes,https://d1tnzngtf1n4as.cloudfront.net/public/products/top-mela-onyx-182/top-mela-onyx-182-1.jpg
6,Phaser Ergonomic Chair,Storable Product,chair-phaser-bl,590,Phaser Ergonomic Chair,1,Chairs / Ergonomic Chairs,https://d1tnzngtf1n4as.cloudfront.net/public/products/chair-phaser-bl/phaser-black-1-01.png
8,XTC Ergonomic Chair,Storable Product,chair-xtc-gr,655,XTC Ergonomic Chair,1,Chairs / Ergonomic Chairs,https://d1tnzngtf1n4as.cloudfront.net/public/products/chair-xtc-gr/chair-xtc-1.png
9,Ergonomic Stack Chair,Storable Product,chair-stack-gr,355,Ergonomic Stack Chair,1,Chairs / Ergonomic Chairs,https://d1tnzngtf1n4as.cloudfront.net/public/products/chair-stack-gr/chair-stack-gr-1.jpeg
10,Adjustable tablet stand,Storable Product,stand-tablet-adjus-sl,18,Adjustable tablet stand,1,supports / Tablet Stand,https://d1tnzngtf1n4as.cloudfront.net/public/products/stand-tablet-adjus-sl/stand-tablet-adjus-sl-1.jpg
12,Sprinter Ergonomic Chair,Storable Product,chair-sprinter-bl,450,Sprinter Ergonomic Chair,1,Chairs / Ergonomic Chairs,https://d1tnzngtf1n4as.cloudfront.net/public/products/chair-sprinter-bl/Asset 25.jpg
11,CPU support for under the table,Storable Product,stand-cpu-under-bl,37,CPU support for under the table,1,supports / CPU Stand,https://d1tnzngtf1n4as.cloudfront.net/public/products/stand-cpu-under-bl/stand-cpu-under-bl-1.jpg
17,Somatic Ergonomic Chair,Storable Product,chair-somatic-gr,450,Somatic Ergonomic Chair,1,Chairs / Ergonomic Chairs,https://d1tnzngtf1n4as.cloudfront.net/public/products/chair-somatic-gr/Asset 4-100.jpg
15,Mini massage gun,Storable Product,health-body-minigun-bl,33,Mini massage gun,1,Health / Body,https://d1tnzngtf1n4as.cloudfront.net/public/products/health-body-minigun-bl/health-body-minigun-bl-1.jpg
14,High-precision RGB mouse,Storable Product,mouse-game-cabl-1-bl,23,High-precision RGB mouse,1,Keyboards & mice / Mice,https://d1tnzngtf1n4as.cloudfront.net/public/products/mouse-game-cabl-1-bl/mouse-game-cabl-1-bl-1.jpg
16,Fast 10-port USB charger,Storable Product,charge-usb-10port-bl,29,Fast 10-port USB charger,1,Chargers / USB Chargers,https://d1tnzngtf1n4as.cloudfront.net/public/products/charge-usb-10port-bl/charge-usb-10port-bl-1.jpg
13,Double motor base for standing desk,Storable Product,frame-double-wh,450,Double motor base for standing desk,1,Desks / Frames,https://d1tnzngtf1n4as.cloudfront.net/public/products/frame-double-wh/frame-double-wh-1.jpg
19,Melamine envelope,Storable Product,top-mela-pecan-182,115,Melamine envelope,1,Desks / Envelopes,https://d1tnzngtf1n4as.cloudfront.net/public/products/top-mela-pecan-182/top-mela-pecan-182-1.jpg
20,Melamine envelope,Storable Product,top-mela-ash-152,95,Melamine envelope,1,Desks / Envelopes,https://d1tnzngtf1n4as.cloudfront.net/public/products/top-mela-ash-152/top-mela-ash-152-1.jpg
22,Grommets 5cm,Storable Product,cable-grommet-50-bl,6,Grommets 5cm,1,Accessories / Cable Management,https://d1tnzngtf1n4as.cloudfront.net/public/products/cable-grommet-50-bl/cable-grommet-50-bl-1.jpg
18,Headphones Bluetooth ANC 3,Storable Product,sound-head-anchead3-bl,32,Headphones Bluetooth ANC 3,1,Sound / Auriculares,https://d1tnzngtf1n4as.cloudfront.net/public/products/sound-head-anchead3-bl/sound-head-anchead3-bl-1.jpg
24,Ergonomic Chair Jargon X,Storable Product,chair-jargonX-bl,475,Ergonomic Chair Jargon X,1,Chairs / Ergonomic Chairs,https://d1tnzngtf1n4as.cloudfront.net/public/products/chair-jargonX-bl/Asset 6-100.jpg
21,Radix Ergonomic Chair,Storable Product,chair-radix-bl,440,Radix Ergonomic Chair,1,Chairs / Ergonomic Chairs,https://d1tnzngtf1n4as.cloudfront.net/public/products/chair-radix-bl/chair-radix-bl-1.JPG
26,Ergonomic Chair Anion,Storable Product,Chair-anion-gr,650,Ergonomic Chair Anion,1,Chairs / Ergonomic Chairs,https://d1tnzngtf1n4as.cloudfront.net/public/products/Chair-anion-gr/Asset 15.jpg
23,6-in-1 Type-C Hub with 4K HDMI,Storable Product,hubs-usbc-6in1-2-gr,21,6-in-1 Type-C Hub with 4K HDMI,1,Hubs & Adapters / USB Type C Hubs,https://d1tnzngtf1n4as.cloudfront.net/public/products/hubs-usbc-6in1-2-gr/hubs-usbc-6in1-2-gr-1.jpg
28,Stratus Ergonomic Executive Chair,Storable Product,chair-executive-stratus-gr,350,Stratus Ergonomic Executive Chair,1,Chairs / Executive Chairs,https://d1tnzngtf1n4as.cloudfront.net/public/products/chair-executive-stratus-gr/Asset 11-100 (1).jpg
27,Wobble stool,Storable Product,stool-wobble-bl,135,Wobble stool,1,Chairs / Taburet,https://d1tnzngtf1n4as.cloudfront.net/public/products/stool-wobble-bl/stool-wobble-bl-1.jpg
30,Tempered glass envelope,Storable Product,top-glass-152,195,Tempered glass envelope,1,Desks / Envelopes,https://d1tnzngtf1n4as.cloudfront.net/public/products/top-glass-152/top-glass-152-1.jpg
25,Double motor X base for standing desk,Storable Product,frame-3stage-bl,465,Double motor X base for standing desk,1,Desks / Frames,https://d1tnzngtf1n4as.cloudfront.net/public/products/frame-3stage-bl/frame-3stage-bl-1.jpg
31,Cell phone holder with wireless charger,Storable Product,charge-wireless-stand-bl,9,Cell phone holder with wireless charger,1,Chargers / Wireless Chargers,https://d1tnzngtf1n4as.cloudfront.net/public/products/charge-wireless-stand-bl/charge-wireless-stand-bl-1.jpg
29,LED Lamp Arm,Storable Product,light-arm-bl,27,LED Lamp Arm,1,Accessories / Lighting,https://d1tnzngtf1n4as.cloudfront.net/public/products/light-arm-bl/light-arm-bl-1.jpg
32,Natural wood envelope,Storable Product,top-wood-tiger-121,220,Natural wood envelope,1,Desks / Envelopes,https://d1tnzngtf1n4as.cloudfront.net/public/products/top-wood-tiger-121/top-wood-tiger-121-1.jpg
33,Vertical stand X for laptop,Storable Product,stand-laptop-x-gr,29,Vertical stand X for laptop,1,supports / Laptop Stand,https://d1tnzngtf1n4as.cloudfront.net/public/products/stand-laptop-x-gr/stand-laptop-x-gr-1.jpg
34,Adjustable laptop stand,Storable Product,stand-laptop-adjus-sl,35,Adjustable laptop stand,1,supports / Laptop Stand,https://d1tnzngtf1n4as.cloudfront.net/public/products/stand-laptop-adjus-sl/stand-laptop-adjus-sl-1.jpg
36,Type C to HDMI Adapter,Storable Product,hubs-adap-usbctohdmi-bl,12,Type C to HDMI Adapter,1,Hubs & Adapters / Adapters,https://d1tnzngtf1n4as.cloudfront.net/public/products/hubs-adap-usbctohdmi-bl/hubs-adap-usbctohdmi-bl-1.jpg
35,Compact 3-drawer filing cabinet,Storable Product,cabinet-3drawer-wh,170,Compact 3-drawer filing cabinet,1,Accessories / Cabinets,https://d1tnzngtf1n4as.cloudfront.net/public/products/cabinet-3drawer-wh/cabinet-3drawer-wh-1.jpg
37,Binary Ergonomic Chair,Storable Product,chair-binary-gr,495,Binary Ergonomic Chair,1,Chairs / Ergonomic Chairs,https://d1tnzngtf1n4as.cloudfront.net/public/products/chair-binary-gr/binary-gray-1.png
41,Tempered glass envelope,Storable Product,top-glass-182,230,Tempered glass envelope,1,Desks / Envelopes,https://d1tnzngtf1n4as.cloudfront.net/public/products/top-glass-182/top-glass-182-1.jpg
40,Tungsten light for the environment,Storable Product,light-ambient-ch,27,Tungsten light for the environment,1,Accessories / Lighting,https://d1tnzngtf1n4as.cloudfront.net/public/products/light-ambient-ch/light-ambient-ch-1.jpg
43,Adjustable aluminum arm for tablets,Storable Product,stand-tablet-arm-sl,35,Adjustable aluminum arm for tablets,1,supports / Tablet Stand,https://d1tnzngtf1n4as.cloudfront.net/public/products/stand-tablet-arm-sl/Asset 7 (1).jpg
42,Natural wood envelope,Storable Product,top-wood-purple-152,275,Natural wood envelope,1,Desks / Envelopes,https://d1tnzngtf1n4as.cloudfront.net/public/products/top-wood-purple-152/top-wood-purple-152-1.jpg
39,LG 27-inch Full HD IPS Monitor,Storable Product,monitor-lg-27mp60g-b-bl,215,LG 27-inch Full HD IPS Monitor,1,Monitors / Flat,https://d1tnzngtf1n4as.cloudfront.net/public/products/monitor-lg-27mp60g-b-bl/monitor-lg-27mp60g-b-bl-1.jpg
45,Synapse Ergonomic Chair,Storable Product,chair-synapse-bl,230,Synapse Ergonomic Chair,1,Chairs / Ergonomic Chairs,https://d1tnzngtf1n4as.cloudfront.net/public/products/chair-synapse-bl/efwefwefw-100.jpg
46,Compact back massager 1,Storable Product,health-body-backmass-br,22,Compact back massager 1,1,Health / Body,https://d1tnzngtf1n4as.cloudfront.net/public/products/health-body-backmass-br/health-body-backmass-br-1.jpg
44,Melamine envelope,Storable Product,top-mela-ash-121,65,Melamine envelope,1,Desks / Envelopes,https://d1tnzngtf1n4as.cloudfront.net/public/products/top-mela-ash-121/top-mela-ash-121-1.jpg
38,Aluminum arm for dual monitor,Storable Product,stand-arm-alum-double-gr,87,Aluminum arm for dual monitor,1,supports / Monitor's Arms,https://d1tnzngtf1n4as.cloudfront.net/public/products/stand-arm-alum-double-gr/stand-arm-alum-double-bl-1.jpg
47,LED lamp for the desk,Storable Product,light-desktop-1-gr,45,LED lamp for the desk,1,Accessories / Lighting,https://d1tnzngtf1n4as.cloudfront.net/public/products/light-desktop-1-gr/light-desktop-1-gr-1.jpg
48,Eco-friendly cork yoga mat,Storable Product,health-body-yogamat-1-co,45,Eco-friendly cork yoga mat,1,Health / Body,https://d1tnzngtf1n4as.cloudfront.net/public/products/health-body-yogamat-1-co/health-body-yogamat-1-co-1.jpg
52,Ergonomic anti-fatigue mat 1,Storable Product,anti-mat-shape1-bl,55,Ergonomic anti-fatigue mat 1,1,Accessories / Anti-fatigue Mats,https://d1tnzngtf1n4as.cloudfront.net/public/products/anti-mat-shape1-bl/anti-mat-shape1-bl-1.jpg
50,Monitor light bar,Storable Product,light-screenbar-bl,47,Monitor light bar,1,Accessories / Lighting,https://d1tnzngtf1n4as.cloudfront.net/public/products/light-screenbar-bl/light-screenbar-bl-1.jpg
53,Melamine envelope,Storable Product,top-mela-ash-182,115,Melamine envelope,1,Desks / Envelopes,https://d1tnzngtf1n4as.cloudfront.net/public/products/top-mela-ash-182/top-mela-ash-182-1.jpg
54,Cable sleeve,Storable Product,cable-sleeve-bl,7,Cable sleeve,1,Accessories / Cable Management,https://d1tnzngtf1n4as.cloudfront.net/public/products/cable-sleeve-bl/cable-sleeve-bl.jpg
51,Headphones Bluetooth ANC 1,Storable Product,sound-head-anchead1-bl,35,Headphones Bluetooth ANC 1,1,Sound / Auriculares,https://d1tnzngtf1n4as.cloudfront.net/public/products/sound-head-anchead1-bl/sound-head-anchead1-bl-1.jpg
49,Aluminum arm for a monitor,Storable Product,stand-arm-alum-single-bl,55,Aluminum arm for a monitor,1,supports / Monitor's Arms,https://d1tnzngtf1n4as.cloudfront.net/public/products/stand-arm-alum-single-bl/stand-arm-alum-single-bl-1.jpg
57,Melamine envelope,Storable Product,top-mela-black-152,95,Melamine envelope,1,Desks / Envelopes,https://d1tnzngtf1n4as.cloudfront.net/public/products/top-mela-black-152/top-mela-black-152-1.jpg
59,Vertical ergonomic mouse,Storable Product,mouse-vertical-rg-bl,24,Vertical ergonomic mouse,1,Keyboards & mice / Mice,https://d1tnzngtf1n4as.cloudfront.net/public/products/mouse-vertical-rg-bl/mouse-vertical-rg-bl-1.jpg
58,10-in-1 Modular Type-C Hub,Storable Product,hubs-usbc-10in1-modu-gr,39,10-in-1 Modular Type-C Hub,1,Hubs & Adapters / USB Type C Hubs,https://d1tnzngtf1n4as.cloudfront.net/public/products/hubs-usbc-10in1-modu-gr/hubs-usbc-10in1-modu-gr-1.jpg
55,Arm for a monitor,Storable Product,stand-arm-single-bl,38,Arm for a monitor,1,supports / Monitor's Arms,https://d1tnzngtf1n4as.cloudfront.net/public/products/stand-arm-single-bl/stand-arm-single-bl-1.jpg
60,USB and PD wall charger,Storable Product,charge-usb-wall-1-bl,7,USB and PD wall charger,1,Chargers / USB Chargers,https://d1tnzngtf1n4as.cloudfront.net/public/products/charge-usb-wall-1-bl/charge-usb-wall-1-bl-1.jpg
61,Natural wood envelope,Storable Product,top-wood-rose-121,220,Natural wood envelope,1,Desks / Envelopes,https://d1tnzngtf1n4as.cloudfront.net/public/products/top-wood-rose-121/top-wood-rose-121-1.jpg
56,L-shaped base for standing desk,Storable Product,frame-L-wh,660,L-shaped base for standing desk,1,Desks / Frames,https://d1tnzngtf1n4as.cloudfront.net/public/products/frame-L-wh/desk-frame-L-wh-1.jpg
63,HDMI splitter to two HDMI outputs,Storable Product,hubs-split-hdmi-bl,11,HDMI splitter to two HDMI outputs,1,Hubs & Adapters / Splitters,https://d1tnzngtf1n4as.cloudfront.net/public/products/hubs-split-hdmi-bl/hubs-split-hdmi-bl-1.jpg
62,Melamine envelope,Storable Product,top-mela-onyx-152,95,Melamine envelope,1,Desks / Envelopes,https://d1tnzngtf1n4as.cloudfront.net/public/products/top-mela-onyx-152/top-mela-onyx-152-1.jpg
64,Compact 3-drawer file cabinet,Storable Product,cabinet-3drawer-bl,170,Compact 3-drawer file cabinet,1,Accessories / Cabinets,https://d1tnzngtf1n4as.cloudfront.net/public/products/cabinet-3drawer-bl/cabinet-3drawer-bl-1.jpg
67,Natural wood envelope,Storable Product,top-wood-teak-182,310,Natural wood envelope,1,Desks / Envelopes,https://d1tnzngtf1n4as.cloudfront.net/public/products/top-wood-teak-182/top-wood-teak-152-1.png
66,Natural wood envelope,Storable Product,top-wood-teak-152,275,Natural wood envelope,1,Desks / Envelopes,https://d1tnzngtf1n4as.cloudfront.net/public/products/top-wood-teak-152/top-wood-teak-152-1.jpg
71,1.8m slim HDMI cable,Storable Product,hubs-cables-hdmi-2m-bl,6,1.8m slim HDMI cable,1,Hubs & Adapters / Cables,https://d1tnzngtf1n4as.cloudfront.net/public/products/hubs-cables-hdmi-2m-bl/hubs-cables-hdmi-2m-bl-1.jpg
68,Melamine envelope,Storable Product,top-mela-white-152,95,Melamine envelope,1,Desks / Envelopes,https://d1tnzngtf1n4as.cloudfront.net/public/products/top-mela-white-152/top-mela-white-152-1.jpg
70,Anti-fatigue mat,Storable Product,anti-mat-20x32-bl,35,Anti-fatigue mat,1,Accessories / Anti-fatigue Mats,https://d1tnzngtf1n4as.cloudfront.net/public/products/anti-mat-20x32-bl/anti-mat-20x32-bl-1.jpg
69,Essential oil diffuser,Storable Product,health-air-diffuser-1-wo,15,Essential oil diffuser,1,Health / Air,https://d1tnzngtf1n4as.cloudfront.net/public/products/health-air-diffuser-1-wo/health-air-diffuser-1-wo-1.jpg
65,Ajax Ergonomic Chair,Storable Product,chair-ajax-bl,620,Ajax Ergonomic Chair,1,Chairs / Ergonomic Chairs,https://d1tnzngtf1n4as.cloudfront.net/public/products/chair-ajax-bl/chair-ajax-bl-1.jpg
74,Compact slim 3-drawer file cabinet,Storable Product,cabinet-3drawer-slim-bl,155,Compact slim 3-drawer file cabinet,1,Accessories / Cabinets,https://d1tnzngtf1n4as.cloudfront.net/public/products/cabinet-3drawer-slim-bl/Asset 15.jpg
72,Mini Elliptical Machine,Storable Product,health-body-under-elliptical-bl,145,Mini Elliptical Machine,1,Health / Body,https://d1tnzngtf1n4as.cloudfront.net/public/products/health-body-under-elliptical-bl/health-body-under-elliptical-bl-1.jpg
75,Ergonomic Tension Chair,Storable Product,chair-tension-bl,299,Ergonomic Tension Chair,1,Chairs / Ergonomic Chairs,https://d1tnzngtf1n4as.cloudfront.net/public/products/chair-tension-bl/CH-233A-QW (3).jpg
73,Ergonomic Prodigy Gamer Chair,Storable Product,chair-gamer-prodigy-gr,395,Ergonomic Prodigy Gamer Chair,1,Chairs / Gaming chairs,https://d1tnzngtf1n4as.cloudfront.net/public/products/chair-gamer-prodigy-gr/ ynynny-100.jpg
79,Cable clips,Storable Product,cable-clip-7-bl,4,Cable clips,1,Accessories / Cable Management,https://d1tnzngtf1n4as.cloudfront.net/public/products/cable-clip-7-bl/cable-clip-7-bl-1.jpg
80,Asci Ergonomic Chair,Storable Product,chair-asci-gr,425,Asci Ergonomic Chair,1,Chairs / Ergonomic Chairs,https://d1tnzngtf1n4as.cloudfront.net/public/products/chair-asci-gr/chair-asci-1_2.png
78,Natural wood envelope,Storable Product,top-wood-purple-121,220,Natural wood envelope,1,Desks / Envelopes,https://d1tnzngtf1n4as.cloudfront.net/public/products/top-wood-purple-121/top-wood-purple-121-1.jpg
76,Melamine envelope,Storable Product,top-mela-black-182,115,Melamine envelope,1,Desks / Envelopes,https://d1tnzngtf1n4as.cloudfront.net/public/products/top-mela-black-182/top-mela-black-182-1.jpg
77,6-in-1 Type C Hub with PD and 4K HDMI,Storable Product,hubs-usbc-6in1-1-gr,22,6-in-1 Type C Hub with PD and 4K HDMI,1,Hubs & Adapters / USB Type C Hubs,https://d1tnzngtf1n4as.cloudfront.net/public/products/hubs-usbc-6in1-1-gr/hubs-usbc-6in1-1-gr-1.jpg
82,Eco foam roller,Storable Product,health-body-roller-bl,24,Eco foam roller,1,Health / Body,https://d1tnzngtf1n4as.cloudfront.net/public/products/health-body-roller-bl/health-body-roller-bl-1.jpg
81,3-in-1 wireless charging station,Storable Product,charge-wireless-3in1tower-bl,39,3-in-1 wireless charging station,1,Chargers / Wireless Chargers,https://d1tnzngtf1n4as.cloudfront.net/public/products/charge-wireless-3in1tower-bl/charge-wireless-3in1tower-bl-1.JPG
84,Melamine envelope,Storable Product,top-mela-pecan-121,65,Melamine envelope,1,Desks / Envelopes,https://d1tnzngtf1n4as.cloudfront.net/public/products/top-mela-pecan-121/top-mela-pecan-121-1.jpg
83,Melamine envelope,Storable Product,top-mela-savan-121,65,Melamine envelope,1,Desks / Envelopes,https://d1tnzngtf1n4as.cloudfront.net/public/products/top-mela-savan-121/top-mela-savan-121-1.jpg
85,Melamine envelope,Storable Product,top-mela-walnut-121,65,Melamine envelope,1,Desks / Envelopes,https://d1tnzngtf1n4as.cloudfront.net/public/products/top-mela-walnut-121/top-mela-walnut-121-1.jpg
87,Ethernet to Type C Connector,Storable Product,hubs-adap-typectoether-gr,15,Ethernet to Type C Connector,1,Hubs & Adapters / Adapters,https://d1tnzngtf1n4as.cloudfront.net/public/products/hubs-adap-typectoether-gr/hubs-adap-typectoether-gr-1.jpg
88,Positron Ergonomic Chair,Storable Product,Chair-positron-gr,440,Positron Ergonomic Chair,1,Chairs / Ergonomic Chairs,https://d1tnzngtf1n4as.cloudfront.net/public/products/Chair-positron-gr/Asset 34.jpg
86,LG 20-inch Monitor 20MK400H,Storable Product,monitor-lg-20mk400h-bl,129.5,LG 20-inch Monitor 20MK400H,1,Monitors / Flat,https://d1tnzngtf1n4as.cloudfront.net/public/products/monitor-lg-20mk400h-bl/monitor-lg-20mk400h-bl-1.jpg
89,Melamine envelope,Storable Product,top-mela-walnut-152,95,Melamine envelope,1,Desks / Envelopes,https://d1tnzngtf1n4as.cloudfront.net/public/products/top-mela-walnut-152/top-mela-walnut-152-1.jpg
90,Parser Ergonomic Chair,Storable Product,chair-parser-bl,350,Parser Ergonomic Chair,1,Chairs / Ergonomic Chairs,https://d1tnzngtf1n4as.cloudfront.net/public/products/chair-parser-bl/chair-parser-bl-1.jpg
91,Ethernet to USB adapter,Storable Product,hubs-adap-usbtoether-gr,15,Ethernet to USB adapter,1,Hubs & Adapters / Adapters,https://d1tnzngtf1n4as.cloudfront.net/public/products/hubs-adap-usbtoether-gr/hubs-adap-usbtoether-gr-1.jpg
92,Cable tray,Storable Product,cable-tray-wh,25,Cable tray,1,Accessories / Cable Management,https://d1tnzngtf1n4as.cloudfront.net/public/products/cable-tray-wh/IMG_3062.jpeg
93,Eco leather desk mat,Storable Product,pad-ecoleather-80x40-gr,23,Eco leather desk mat,1,Accessories / Almohadillas,https://d1tnzngtf1n4as.cloudfront.net/public/products/pad-ecoleather-80x40-gr/pad-ecoleather-80x40-gr-1.jpg
95,Natural wood envelope,Storable Product,top-wood-rose-152,275,Natural wood envelope,1,Desks / Envelopes,https://d1tnzngtf1n4as.cloudfront.net/public/products/top-wood-rose-152/top-wood-rose-152-1.jpg
94,Triple stage HEPA Air Purifier,Storable Product,health-air-deskhepa-bl,39,Triple stage HEPA Air Purifier,1,Health / Air,https://d1tnzngtf1n4as.cloudfront.net/public/products/health-air-deskhepa-bl/health-air-deskhepa-bl-1.jpg
96,Eco leather desk mat,Storable Product,pad-ecoleather-80x40-br,23,Eco leather desk mat,1,Accessories / Almohadillas,https://d1tnzngtf1n4as.cloudfront.net/public/products/pad-ecoleather-80x40-br/pad-ecoleather-80x40-br-1.jpg
98,Aluminum headphone stand,Storable Product,stand-head-desk-sl,19,Aluminum headphone stand,1,supports / Headphone Stand,https://d1tnzngtf1n4as.cloudfront.net/public/products/stand-head-desk-sl/stand-head-desk-sl-1.jpg
97,28" Bluetooth soundbar 2.0,Storable Product,sound-soundbar-speaker28in-bl,60,28" Bluetooth soundbar 2.0,1,Sound / Soundbar,https://d1tnzngtf1n4as.cloudfront.net/public/products/sound-soundbar-speaker28in-bl/sound-soundbar-speaker28in-bl-1.jpg
99,Eco leather desk mat,Storable Product,pad-ecoleather-80x40-bl,23,Eco leather desk mat,1,Accessories / Almohadillas,https://d1tnzngtf1n4as.cloudfront.net/public/products/pad-ecoleather-80x40-bl/pad-ecoleather-80x40-bl-1.jpg
101,Type-C to USB Adapter,Storable Product,hubs-adap-typecusb-gr,5,Type-C to USB Adapter,1,Hubs & Adapters / Adapters,https://d1tnzngtf1n4as.cloudfront.net/public/products/hubs-adap-typecusb-gr/hubs-adap-typecusb-gr-1.jpg
100,HDMI Hub for iPhone,Storable Product,hubs-iphone-hdmi-1-wh,18,HDMI Hub for iPhone,1,Hubs & Adapters / IPhone Hubs,https://d1tnzngtf1n4as.cloudfront.net/public/products/hubs-iphone-hdmi-1-wh/hubs-iphone-hdmi-1-wh-1.jpg
103,Smart Atomizer,Storable Product,health-sani-atom-bl,14,Smart Atomizer,1,Health / Sanitizers,https://d1tnzngtf1n4as.cloudfront.net/public/products/health-sani-atom-bl/health-sani-atom-bl-1.jpg
104,1.5m HDMI cable,Storable Product,hubs-cables-hdmibraid1_5-go,9,1.5m HDMI cable,1,Hubs & Adapters / Cables,https://d1tnzngtf1n4as.cloudfront.net/public/products/hubs-cables-hdmibraid1_5-go/hubs-cables-hdmibraid1_5-go-1.jpg
106,Cable tray,Storable Product,cable-tray-bl,25,Cable tray,1,Accessories / Cable Management,https://d1tnzngtf1n4as.cloudfront.net/public/products/cable-tray-bl/cable tray 2 ergonomica.jpeg
108,Plush Carpet 80x40cm,Storable Product,pad-felt-80x40-gr,21,Plush Carpet 80x40cm,1,Accessories / Almohadillas,https://d1tnzngtf1n4as.cloudfront.net/public/products/pad-felt-80x40-gr/ergergergegr.jpg
105,Fast Wireless Charging Pad,Storable Product,charge-wireless-fastpad-wh,12,Fast Wireless Charging Pad,1,Chargers / Wireless Chargers,https://d1tnzngtf1n4as.cloudfront.net/public/products/charge-wireless-fastpad-wh/charge-wireless-fastpad-wh-1.JPG
107,24x36 inch frame for art,Storable Product,deco-art-frame-24x36-bl,35,24x36 inch frame for art,1,Decoration / Decoration,https://d1tnzngtf1n4as.cloudfront.net/public/products/deco-art-frame-24x36-bl/deco-art-frame-24x36-bl-1.jpg
110,Ergonomic Chair Balast,Storable Product,chair-balast-gr,399,Ergonomic Chair Balast,1,Chairs / Ergonomic Chairs,https://d1tnzngtf1n4as.cloudfront.net/public/products/chair-balast-gr/Asset 11.jpg
102,Syntax Ergonomic Chair,Storable Product,chair-syntax-gr,670,Syntax Ergonomic Chair,1,Chairs / Ergonomic Chairs,https://d1tnzngtf1n4as.cloudfront.net/public/products/chair-syntax-gr/chair-syntax-gr-1.JPG
114,Stack X Ergonomic Chair,Storable Product,chair-stackx-bl,399,Stack X Ergonomic Chair,1,Chairs / Ergonomic Chairs,https://d1tnzngtf1n4as.cloudfront.net/public/products/chair-stackx-bl/chair-stackx-1.jpeg
113,Genuine leather desk pad,Storable Product,pad-real-60x30-bl,35,Genuine leather desk pad,1,Accessories / Almohadillas,https://d1tnzngtf1n4as.cloudfront.net/public/products/pad-real-60x30-bl/pad-real-60x30-bl-1.jpg
112,Laptop stand,Storable Product,stand-laptop-tilt-sl,19,Laptop stand,1,supports / Laptop Stand,https://d1tnzngtf1n4as.cloudfront.net/public/products/stand-laptop-tilt-sl/stand-laptop-tilt-sl-1.jpg
109,LG Ultrawide Monitor 34 inches 34WN650-W Full HD IPS,Storable Product,monitor-lg-34wn650-w-wh,406,LG Ultrawide Monitor 34 inches 34WN650-W Full HD IPS,1,Monitors / Flat,https://d1tnzngtf1n4as.cloudfront.net/public/products/monitor-lg-34wn650-w-wh/monitor-lg-34wn650-w-wh-1.jpg
111,Base of a column for a standing desk,Storable Product,frame-1col-wh,299,Base of a column for a standing desk,1,Desks / Frames,https://d1tnzngtf1n4as.cloudfront.net/public/products/frame-1col-wh/desk-frame-1col-wh-1.jpg
115,Classic laptop stand,Storable Product,stand-laptop-clasic-gr,26,Classic laptop stand,1,supports / Laptop Stand,https://d1tnzngtf1n4as.cloudfront.net/public/products/stand-laptop-clasic-gr/stand-laptop-clasic-gr-1.jpg
118,Type C splitter with two HDMI outputs,Storable Product,hubs-split-usbctodualhdmi-bl,28,Type C splitter with two HDMI outputs,1,Hubs & Adapters / Splitters,https://d1tnzngtf1n4as.cloudfront.net/public/products/hubs-split-usbctodualhdmi-bl/hubs-split-usbctodualhdmi-bl-1.jpg
116,Natural wood envelope,Storable Product,top-wood-tiger-152,275,Natural wood envelope,1,Desks / Envelopes,https://d1tnzngtf1n4as.cloudfront.net/public/products/top-wood-tiger-152/top-wood-tiger-152-1.jpg
119,Plush rug 90x30,Storable Product,pad-felt-90x30-gr,21,Plush rug 90x30,1,Accessories / Almohadillas,https://d1tnzngtf1n4as.cloudfront.net/public/products/pad-felt-90x30-gr/erverv.PNG
117,Melamine envelope,Storable Product,top-mela-savan-152,95,Melamine envelope,1,Desks / Envelopes,https://d1tnzngtf1n4as.cloudfront.net/public/products/top-mela-savan-152/top-mela-savan-152-1.jpg
122,Fast wireless charging pad,Storable Product,charge-wireless-fastpad-bl,12,Fast wireless charging pad,1,Chargers / Wireless Chargers,https://d1tnzngtf1n4as.cloudfront.net/public/products/charge-wireless-fastpad-bl/charge-wireless-fastpad-bl-1.JPG
120,Operand Ergonomic Chair,Storable Product,chair-operand-bl,390,Operand Ergonomic Chair,1,Chairs / Ergonomic Chairs,https://d1tnzngtf1n4as.cloudfront.net/public/products/chair-operand-bl/operand-black-1-01.png
124,Genuine leather desk pad,Storable Product,pad-real-60x30-br,35,Genuine leather desk pad,1,Accessories / Almohadillas,https://d1tnzngtf1n4as.cloudfront.net/public/products/pad-real-60x30-br/pad-real-60x30-br-1.jpg
121,Melamine envelope,Storable Product,top-mela-onyx-121,65,Melamine envelope,1,Desks / Envelopes,https://d1tnzngtf1n4as.cloudfront.net/public/products/top-mela-onyx-121/top-mela-onyx-121-1.jpg
125,Melamine envelope,Storable Product,top-mela-savan-182,115,Melamine envelope,1,Desks / Envelopes,https://d1tnzngtf1n4as.cloudfront.net/public/products/top-mela-savan-182/top-mela-savan-182-1.jpg
126,4-port USB hub,Storable Product,hubs-usb-4port-1-bl,15,4-port USB hub,1,Hubs & Adapters / USB hubs,https://d1tnzngtf1n4as.cloudfront.net/public/products/hubs-usb-4port-1-bl/hubs-usb-4port-1-bl-1.jpg
123,Dual monitor arm,Storable Product,stand-arm-double-bl,59,Dual monitor arm,1,supports / Monitor's Arms,https://d1tnzngtf1n4as.cloudfront.net/public/products/stand-arm-double-bl/stand-arm-double-bl-1.jpg
130,Tasker Ergonomic Chair,Storable Product,chair-tasker-gr,385,Tasker Ergonomic Chair,1,Chairs / Ergonomic Chairs,https://d1tnzngtf1n4as.cloudfront.net/public/products/chair-tasker-gr/Asset 18.jpg
129,iPhone camera kit hub,Storable Product,hubs-iphone-camkit-wh,19,iPhone camera kit hub,1,Hubs & Adapters / IPhone Hubs,https://d1tnzngtf1n4as.cloudfront.net/public/products/hubs-iphone-camkit-wh/hubs-iphone-camkit-wh-1.jpg
127,Motor base for standing desk,Storable Product,frame-single-bl,330,Motor base for standing desk,1,Desks / Frames,https://d1tnzngtf1n4as.cloudfront.net/public/products/frame-single-bl/frame-single-bl-1.jpg
131,Classic cell phone holder,Storable Product,stand-phone-clasic-gr,14,Classic cell phone holder,1,supports / Phone Holder,https://d1tnzngtf1n4as.cloudfront.net/public/products/stand-phone-clasic-gr/stand-phone-clasic-gr-1.jpg
128,Ergonomic Chair Schema,Storable Product,chair-schema-bl,550,Ergonomic Chair Schema,1,Chairs / Ergonomic Chairs,https://d1tnzngtf1n4as.cloudfront.net/public/products/chair-schema-bl/chair-schema-bl-1.JPG
134,Grommets 5cm,Storable Product,cable-grommet-50-sl,6,Grommets 5cm,1,Accessories / Cable Management,https://d1tnzngtf1n4as.cloudfront.net/public/products/cable-grommet-50-sl/cable-grommet-50-sl-1.jpg
132,USB to Type C adapter,Storable Product,hubs-adap-usbtypec-gr,5,USB to Type C adapter,1,Hubs & Adapters / Adapters,https://d1tnzngtf1n4as.cloudfront.net/public/products/hubs-adap-usbtypec-gr/hubs-adap-usbtypec-gr-1.jpg
133,Ajax Ergonomic Chair,Storable Product,chair-ajax-gr,620,Ajax Ergonomic Chair,1,Chairs / Ergonomic Chairs,https://d1tnzngtf1n4as.cloudfront.net/public/products/chair-ajax-gr/chair-ajax-bl-1.jpg
137,Melamine envelope,Storable Product,top-mela-white-121,65,Melamine envelope,1,Desks / Envelopes,https://d1tnzngtf1n4as.cloudfront.net/public/products/top-mela-white-121/top-mela-white-121-1.jpg
135,Headphones Bluetooth ANC 2,Storable Product,sound-head-anchead2-bl,33,Headphones Bluetooth ANC 2,1,Sound / Auriculares,https://d1tnzngtf1n4as.cloudfront.net/public/products/sound-head-anchead2-bl/sound-head-anchead2-bl.jpg
136,Scripter Ergonomic Chair,Storable Product,chair-scripter-bl,530,Scripter Ergonomic Chair,1,Chairs / Ergonomic Chairs,https://d1tnzngtf1n4as.cloudfront.net/public/products/chair-scripter-bl/chair-scripter-bl-1.JPG
138,Operand Ergonomic Chair,Storable Product,chair-operand-gr,390,Operand Ergonomic Chair,1,Chairs / Ergonomic Chairs,https://d1tnzngtf1n4as.cloudfront.net/public/products/chair-operand-gr/chair-operand-gr-1.JPG
139,Adjustable phone holder,Storable Product,stand-phone-adjus-bl,15,Adjustable phone holder,1,supports / Phone Holder,https://d1tnzngtf1n4as.cloudfront.net/public/products/stand-phone-adjus-bl/stand-phone-adjus-bl-1.jpg
142,Ergonomic Footrest,Storable Product,footrest-rock-1-bl,30,Ergonomic Footrest,1,Accessories / Footrest,https://d1tnzngtf1n4as.cloudfront.net/public/products/footrest-rock-1-bl/footrest-rocking-1.jpg
141,11x14 inch frame for art,Storable Product,deco-art-frame-11x14-bl,12,11x14 inch frame for art,1,Decoration / Decoration,https://d1tnzngtf1n4as.cloudfront.net/public/products/deco-art-frame-11x14-bl/deco-art-frame-11x14-bl-1.jpg
144,Tesseract Ergonomic Chair,Storable Product,chair-tesseract-bl,390,Tesseract Ergonomic Chair,1,Chairs / Ergonomic Chairs,https://d1tnzngtf1n4as.cloudfront.net/public/products/chair-tesseract-bl/chair-tesseract-1.png
143,Power strip with 12 heavy-duty outlets,Storable Product,charge-strip-12outlet-bl,37,Power strip with 12 heavy-duty outlets,1,Chargers / Power Outlets,https://d1tnzngtf1n4as.cloudfront.net/public/products/charge-strip-12outlet-bl/charge-strip-12outlet-bl-1.JPG
145,Double motor X base for standing desk,Storable Product,frame-3stage-wh,465,Double motor X base for standing desk,1,Desks / Frames,https://d1tnzngtf1n4as.cloudfront.net/public/products/frame-3stage-wh/ergerbe@4x.png
140,Desktop bluetooth speakers,Storable Product,sound-bookshelf-BT4in-bl,110,Desktop bluetooth speakers,1,Sound / Desktop Speakers,https://d1tnzngtf1n4as.cloudfront.net/public/products/sound-bookshelf-BT4in-bl/sound-bookshelf-BT4in-bl-1.jpg
146,Vertical laptop stand,Storable Product,stand-laptop-vertical-gr,24,Vertical laptop stand,1,supports / Laptop Stand,https://d1tnzngtf1n4as.cloudfront.net/public/products/stand-laptop-vertical-gr/stand-laptop-vertical-gr-1.jpg
147,Drawer with a lock for under the desk,Storable Product,drawer-under-lock-1,53,Drawer with a lock for under the desk,1,Accessories / Drawers,https://d1tnzngtf1n4as.cloudfront.net/public/products/drawer-under-lock-1/under-drawer-1.png
151,Aluminum mouse pad,Storable Product,pad-alumi-mouse-sl,11,Aluminum mouse pad,1,Accessories / Almohadillas,https://d1tnzngtf1n4as.cloudfront.net/public/products/pad-alumi-mouse-sl/pad-alumi-mouse-sl-1.jpg
149,Balance sheet for Office 1,Storable Product,balance-board-1-bl,55,Balance sheet for Office 1,1,Accessories / Balance Sheets,https://d1tnzngtf1n4as.cloudfront.net/public/products/balance-board-1-bl/balance-board-1-bl-1.jpg
150,Wireless mouse for office,Storable Product,mouse-wireless-1-bl,15,Wireless mouse for office,1,Keyboards & mice / Mice,https://d1tnzngtf1n4as.cloudfront.net/public/products/mouse-wireless-1-bl/mouse-wireless-1-bl-1.jpg
154,Aluminum headphone stand,Storable Product,stand-head-desk-bl,19,Aluminum headphone stand,1,supports / Headphone Stand,https://d1tnzngtf1n4as.cloudfront.net/public/products/stand-head-desk-bl/stand-head-desk-bl-1.jpg
155,Disruptive Ergonomic Chair,Storable Product,chair-disruptive-bl,650,Disruptive Ergonomic Chair,1,Chairs / Ergonomic Chairs,https://d1tnzngtf1n4as.cloudfront.net/public/products/chair-disruptive-bl/Asset 21.jpg
153,Melamine envelope,Storable Product,top-mela-pecan-152,95,Melamine envelope,1,Desks / Envelopes,https://d1tnzngtf1n4as.cloudfront.net/public/products/top-mela-pecan-152/top-mela-pecan-152-1.jpg
148,Ergonomic Chair Array,Storable Product,chair-array-gr,430,Ergonomic Chair Array,1,Chairs / Ergonomic Chairs,https://d1tnzngtf1n4as.cloudfront.net/public/products/chair-array-gr/chair-array-gr-1.JPG
156,Melamine envelope,Storable Product,top-mela-walnut-182,115,Melamine envelope,1,Desks / Envelopes,https://d1tnzngtf1n4as.cloudfront.net/public/products/top-mela-walnut-182/top-mela-walnut-182-1.jpg
159,Tempered glass envelope,Storable Product,top-glass-121,150,Tempered glass envelope,1,Desks / Envelopes,https://d1tnzngtf1n4as.cloudfront.net/public/products/top-glass-121/top-glass-121-1.jpg
161,Under-desk headphone holder,Storable Product,stand-head-under-bl,14,Under-desk headphone holder,1,supports / Headphone Stand,https://d1tnzngtf1n4as.cloudfront.net/public/products/stand-head-under-bl/stand-head-under-bl-1.jpg
158,Power strip with 6 heavy duty outlets,Storable Product,charge-strip-6outlet-bl,28,Power strip with 6 heavy duty outlets,1,Chargers / Power Outlets,https://d1tnzngtf1n4as.cloudfront.net/public/products/charge-strip-6outlet-bl/charge-strip-6outlet-bl-1.jpg
163,1.8m DisplayPort to HDMI Cable,Storable Product,hubs-adap-thundertohdmi-bl,7,1.8m DisplayPort to HDMI Cable,1,Hubs & Adapters / Cables,https://d1tnzngtf1n4as.cloudfront.net/public/products/hubs-adap-thundertohdmi-bl/hubs-adap-thundertohdmi-bl-1.jpg
157,Double motor base for standing desk,Storable Product,frame-double-bl,450,Double motor base for standing desk,1,Desks / Frames,https://d1tnzngtf1n4as.cloudfront.net/public/products/frame-double-bl/frame-double-bl-1.jpg
160,LG Ultrawide Monitor 29 inches 29wp500-b HD IPS,Storable Product,monitor-lg-29wp500-b-bl,252,LG Ultrawide Monitor 29 inches 29wp500-b HD IPS,1,Monitors / Flat,https://d1tnzngtf1n4as.cloudfront.net/public/products/monitor-lg-29wp500-b-bl/monitor-lg-29wp500-b-bl-1.jpg
166,Compact slim 3-drawer file cabinet,Storable Product,cabinet-3drawer-slim-wh,155,Compact slim 3-drawer file cabinet,1,Accessories / Cabinets,https://d1tnzngtf1n4as.cloudfront.net/public/products/cabinet-3drawer-slim-wh/Asset 16ergerh.jpg
164,Aluminum monitor stand,Storable Product,stand-riser-monitor-sl,35,Aluminum monitor stand,1,supports / Raise the monitor,https://d1tnzngtf1n4as.cloudfront.net/public/products/stand-riser-monitor-sl/stand-riser-monitor-sl-1.jpg
165,16x24 inch frame for art,Storable Product,deco-art-frame-16x24-bl,19,16x24 inch frame for art,1,Decoration / Decoration,https://d1tnzngtf1n4as.cloudfront.net/public/products/deco-art-frame-16x24-bl/deco-art-frame-16x24-bl-1.jpg
169,Natural wood envelope,Storable Product,top-wood-teak-121,220,Natural wood envelope,1,Desks / Envelopes,https://d1tnzngtf1n4as.cloudfront.net/public/products/top-wood-teak-121/top-wood-teak-121-1.jpg
168,Aluminum multi-bluetooth keyboard,Storable Product,keyboard-btoffice-us-gr,39,Aluminum multi-bluetooth keyboard,1,Keyboards & mice / Keyboards,https://d1tnzngtf1n4as.cloudfront.net/public/products/keyboard-btoffice-us-gr/keyboard-btoffice-us-gr-1.jpg
172,Adjustable Footrest,Storable Product,footrest-1-wh,27,Adjustable Footrest,1,Accessories / Footrest,https://d1tnzngtf1n4as.cloudfront.net/public/products/footrest-1-wh/footrest11.png
170,Balance table for office 2,Storable Product,balance-board-2-bl,55,Balance table for office 2,1,Accessories / Balance Sheets,https://d1tnzngtf1n4as.cloudfront.net/public/products/balance-board-2-bl/balance-board-2-bl-1.jpg
174,Wheels for the standing desk base,Storable Product,desk-casters-bl,21.99,Wheels for the standing desk base,1,Accessories / Casters for standing desk,https://d1tnzngtf1n4as.cloudfront.net/public/products/desk-casters-bl/desk caster 2.png
162,Classic laptop stand,Storable Product,stand-laptop-clasic-sl,26,Classic laptop stand,1,supports / Laptop Stand,https://d1tnzngtf1n4as.cloudfront.net/public/products/stand-laptop-clasic-sl/stand-laptop-clasic-gr-1.jpg
167,Motor base for standing desk,Storable Product,frame-single-wh,330,Motor base for standing desk,1,Desks / Frames,https://d1tnzngtf1n4as.cloudfront.net/public/products/frame-single-wh/frame-single-wh-1.jpg
171,Heavy Duty Arm For One Monitor,Storable Product,stand-arm-heavy-single-bl,99,Heavy Duty Arm For One Monitor,1,supports / Monitor's Arms,https://d1tnzngtf1n4as.cloudfront.net/public/products/stand-arm-heavy-single-bl/arm-heavy-1.png
173,10-in-1 Type C Hub,Storable Product,hubs-usbc-10in1-gr,49,10-in-1 Type C Hub,1,Hubs & Adapters / USB Type C Hubs,https://d1tnzngtf1n4as.cloudfront.net/public/products/hubs-usbc-10in1-gr/hubs-usbc-10in1-gr-1.jpg
175,Asci Ergonomic Chair,Storable Product,chair-asci-bl,425,Asci Ergonomic Chair,1,Chairs / Ergonomic Chairs,https://d1tnzngtf1n4as.cloudfront.net/public/products/chair-asci-bl/16240216947412.jpg
177,Classic tablet stand,Storable Product,stand-tablet-clasic-gr,19,Classic tablet stand,1,supports / Tablet Stand,https://d1tnzngtf1n4as.cloudfront.net/public/products/stand-tablet-clasic-gr/stand-tablet-clasic-gr-1.jpg
178,Wrist rest for keyboard and mouse,Storable Product,wrist-rest-combo-bl,14,Wrist rest for keyboard and mouse,1,Accessories / Wrist rest,https://d1tnzngtf1n4as.cloudfront.net/public/products/wrist-rest-combo-bl/wrist-rest-2.jpeg
176,Bluetooth mouse for office,Storable Product,mouse-bt-1-bl,16,Bluetooth mouse for office,1,Keyboards & mice / Mice,https://d1tnzngtf1n4as.cloudfront.net/public/products/mouse-bt-1-bl/mouse-bt-1-bl-1.jpg
180,1.8m HDMI to Type C Cable,Storable Product,hubs-cables-hdmitousbc1_8-bl,12.5,1.8m HDMI to Type C Cable,1,Hubs & Adapters / Cables,https://d1tnzngtf1n4as.cloudfront.net/public/products/hubs-cables-hdmitousbc1_8-bl/hubs-cables-hdmitousbc1_8-bl-1.jpg
179,7-port USB hub,Storable Product,hubs-usb-7port-1-gr,19,7-port USB hub,1,Hubs & Adapters / USB hubs,https://d1tnzngtf1n4as.cloudfront.net/public/products/hubs-usb-7port-1-gr/hubs-usb-7port-1-gr-1.jpg
181,Melamine envelope,Storable Product,top-mela-black-121,65,Melamine envelope,1,Desks / Envelopes,https://d1tnzngtf1n4as.cloudfront.net/public/products/top-mela-black-121/top-mela-black-121-1.jpg
182,LG Monitor 24 Inches 24MLK430H LED Full HD IPS,Storable Product,monitor-lg-24mk430h-b-bl,175,LG Monitor 24 Inches 24MLK430H LED Full HD IPS,1,Monitors / Flat,https://d1tnzngtf1n4as.cloudfront.net/public/products/monitor-lg-24mk430h-b-bl/monitor-lg-24mk430h-b-bl-1.jpg
